_id,UserId,Password
655e04407820cb770c38e8db,Ample Eny,147258369
655e04407820cb770c38e8dc,Joyful Tiger,987654321
655e04407820cb770c38e8dd,Creative Dolphin,qwerty12345
655e04407820cb770c38e8de,Sunny Rabbit,abcdef6789
655e04407820cb770c38e8df,Whispering Eagle,password456
655e04407820cb770c38e8e0,Gentle Lion,letmein789
655e04407820cb770c38e8e1,Sparkling Butterfly,butterfly234
655e04407820cb770c38e8e2,Tranquil Fox,fox123456
655e04407820cb770c38e8e3,Mystic Owl,mystic789
655e04407820cb770c38e8e4,Harmonic Panther,harmony345
655e04407820cb770c38e8e5,Silent Wolf,silent678
655e04407820cb770c38e8e6,Enigmatic Cheetah,enigma123
655e04407820cb770c38e8e7,Dynamic Zebra,dynamic567
655e04407820cb770c38e8e8,Vibrant Elephant,vibrant890
655e04407820cb770c38e8e9,Inquisitive Giraffe,inquisitive234
655e04407820cb770c38e8ea,Serenading Peacock,serenade567
655e04407820cb770c38e8eb,Radiant Gazelle,radiant890
655e04407820cb770c38e8ec,Whimsical Koala,whimsical123
655e04407820cb770c38e8ed,Resilient Penguin,resilient456
655e04407820cb770c38e8ee,Energetic Hedgehog,energetic789
655e04407820cb770c38e8ef,Lively Lemur,lively345
655e04407820cb770c38e8f0,Captivating Cobra,captivating678
655e04407820cb770c38e8f1,Blissful Bear,blissful890
655e04407820cb770c38e8f2,Peaceful Panda,peaceful234
655e04407820cb770c38e8f3,Courageous Camel,courageous567
655e04407820cb770c38e8f4,Spirited Squirrel,spirited890
655e04407820cb770c38e8f5,Dynamic Dinosaur,dinosaur123
655e04407820cb770c38e8f6,Wise Whale,wise456
655e04407820cb770c38e8f7,Majestic Monkey,majestic789
